,index,date,open,high,low,close,volume,Name,Average
0,307275,2014-12-31,112.65,113.36,111.08,111.2,618805,ROK,112.22
1,307276,2015-01-02,111.93,112.58,109.95,111.04,712880,ROK,111.265
2,307277,2015-01-05,109.66,109.93,107.08,107.31,1339297,ROK,108.505
3,307278,2015-01-06,107.25,107.77,104.89,106.08,1063535,ROK,106.33
4,307279,2015-01-07,107.18,107.55,105.92,106.26,1242094,ROK,106.735
5,307280,2015-01-08,107.34,109.41,107.17,109.39,847383,ROK,108.28999999999999
6,307281,2015-01-09,109.97,109.97,106.21,107.51,1122979,ROK,108.09
7,307282,2015-01-12,107.24,107.2799,105.18,106.0,667717,ROK,106.22995
8,307283,2015-01-13,106.45,107.09,103.26,104.48,912841,ROK,105.17500000000001
9,307284,2015-01-14,103.0,105.02,102.6,104.87,1799095,ROK,103.81
10,307285,2015-01-15,105.43,106.31,104.3,104.8,1280916,ROK,105.305
11,307286,2015-01-16,104.49,104.77,102.31,104.69,1392503,ROK,103.53999999999999
12,307287,2015-01-20,105.39,106.01,104.22,105.45,1129853,ROK,105.11500000000001
13,307288,2015-01-21,104.97,106.485,104.97,106.39,684550,ROK,105.72749999999999
14,307289,2015-01-22,108.21,109.02,106.47,108.52,1809124,ROK,107.745
15,307290,2015-01-23,108.25,108.85,106.73,106.86,1079161,ROK,107.78999999999999
16,307291,2015-01-26,106.62,107.32,105.49,107.25,1158525,ROK,106.405
17,307292,2015-01-27,107.73,108.26,104.69,107.24,3431301,ROK,106.475
18,307293,2015-01-28,109.51,111.42,107.49,108.56,4327980,ROK,109.455
19,307294,2015-01-29,108.78,110.11,106.82,110.02,1738622,ROK,108.465
20,307295,2015-01-30,109.03,109.68,108.05,108.92,1349705,ROK,108.86500000000001
21,307296,2015-02-02,109.38,112.17,108.95,111.89,1305454,ROK,110.56
22,307297,2015-02-03,113.05,114.55,112.24,114.33,1484098,ROK,113.395
23,307298,2015-02-04,113.73,113.73,111.81,112.1,1373772,ROK,112.77000000000001
24,307299,2015-02-05,112.14,113.27,112.08,113.04,823415,ROK,112.675
25,307300,2015-02-06,113.12,114.25,112.25,112.65,952295,ROK,113.25
26,307301,2015-02-09,112.0,115.11,111.46,115.03,1134880,ROK,113.285
27,307302,2015-02-10,115.465,115.67,113.56,115.0,908177,ROK,114.61500000000001
28,307303,2015-02-11,114.78,115.84,113.74,115.33,1169143,ROK,114.78999999999999
29,307304,2015-02-12,115.94,117.05,115.321,116.88,1115027,ROK,116.18549999999999
30,307305,2015-02-13,117.05,118.24,117.01,117.9,999063,ROK,117.625
31,307306,2015-02-17,117.9,118.19,117.03,117.82,774128,ROK,117.61
32,307307,2015-02-18,117.75,118.96,117.12,118.45,1161415,ROK,118.03999999999999
33,307308,2015-02-19,117.91,118.52,117.01,117.83,733442,ROK,117.765
34,307309,2015-02-20,117.62,118.3,115.86,118.2,792540,ROK,117.08
35,307310,2015-02-23,117.4,117.9,116.16,117.71,977990,ROK,117.03
36,307311,2015-02-24,116.79,118.53,116.79,118.42,697348,ROK,117.66
37,307312,2015-02-25,118.28,118.32,116.87,117.58,531761,ROK,117.595
38,307313,2015-02-26,117.84,118.32,116.75,117.41,828658,ROK,117.535
39,307314,2015-02-27,117.58,117.82,116.34,117.04,1202884,ROK,117.08
40,307315,2015-03-02,116.36,117.78,115.38,117.73,819139,ROK,116.58
41,307316,2015-03-03,116.94,117.72,116.4,117.13,607221,ROK,117.06
42,307317,2015-03-04,116.34,116.34,113.88,114.85,1163368,ROK,115.11
43,307318,2015-03-05,115.07,115.37,113.73,114.2,980967,ROK,114.55000000000001
44,307319,2015-03-06,113.13,114.29,111.95,112.36,752377,ROK,113.12
45,307320,2015-03-09,112.61,112.92399999999999,111.96,112.33,899823,ROK,112.442
46,307321,2015-03-10,111.22,112.1,110.67,110.7,863861,ROK,111.38499999999999
47,307322,2015-03-11,110.66,110.92,109.7,109.98,1459379,ROK,110.31
48,307323,2015-03-12,111.46,113.65,111.22,113.24,1091071,ROK,112.435
49,307324,2015-03-13,112.55,112.82,110.98,111.52,1330799,ROK,111.9
50,307325,2015-03-16,112.35,114.76,112.12,114.6,1038353,ROK,113.44
51,307326,2015-03-17,113.48,113.61,112.59,113.02,801054,ROK,113.1
52,307327,2015-03-18,112.76,116.61,112.02,115.69,1143511,ROK,114.315
53,307328,2015-03-19,115.0,115.48,114.11,114.5,741140,ROK,114.795
54,307329,2015-03-20,115.57,116.59,115.01,116.15,1497138,ROK,115.80000000000001
55,307330,2015-03-23,115.99,116.4,115.21,115.25,1115537,ROK,115.805
56,307331,2015-03-24,114.82,116.69,114.75,116.13,1171831,ROK,115.72
57,307332,2015-03-25,116.0,116.11,113.7,113.71,1042445,ROK,114.905
58,307333,2015-03-26,113.35,113.91,112.89,113.4,1021855,ROK,113.4
59,307334,2015-03-27,113.72,113.72,112.66,113.14,1189547,ROK,113.19
60,307335,2015-03-30,114.21,115.98,114.0,115.52,1163326,ROK,114.99000000000001
61,307336,2015-03-31,115.14,116.27,113.755,115.99,1378111,ROK,115.01249999999999
62,307337,2015-04-01,114.91,115.39,112.91,113.23,1380543,ROK,114.15
63,307338,2015-04-02,113.11,113.87,112.47,112.8,991093,ROK,113.17
64,307339,2015-04-06,112.59,115.59,111.8926,114.38,847258,ROK,113.7413
65,307340,2015-04-07,113.89,114.71,112.73,112.81,666201,ROK,113.72
66,307341,2015-04-08,112.01,113.49,110.27,111.55,1257918,ROK,111.88
67,307342,2015-04-09,111.48,112.26,110.97,111.7,1437137,ROK,111.61500000000001
68,307343,2015-04-10,111.51,111.64,110.17,111.55,999396,ROK,110.905
69,307344,2015-04-13,111.46,111.8,111.07,111.28,682841,ROK,111.435
70,307345,2015-04-14,110.01,111.8,110.0,111.52,1305284,ROK,110.9
71,307346,2015-04-15,111.71,114.44,111.71,114.14,1693432,ROK,113.07499999999999
72,307347,2015-04-16,113.74,114.68,112.73,114.33,1033264,ROK,113.70500000000001
73,307348,2015-04-17,113.37,113.6895,112.0,112.31,903177,ROK,112.84475
74,307349,2015-04-20,113.14,114.58,113.03,114.14,589931,ROK,113.805
75,307350,2015-04-21,114.14,114.45,113.11,113.72,964224,ROK,113.78
76,307351,2015-04-22,113.83,114.28,112.15,114.02,843898,ROK,113.215
77,307352,2015-04-23,113.45,114.27,112.38,114.02,863013,ROK,113.32499999999999
78,307353,2015-04-24,114.03,114.19,111.46,112.13,1045301,ROK,112.82499999999999
79,307354,2015-04-27,112.57,114.96,112.17,114.84,1951884,ROK,113.565
80,307355,2015-04-28,114.15,114.7,112.94,113.54,1587599,ROK,113.82
81,307356,2015-04-29,113.15,113.46,111.4,112.33,1705157,ROK,112.43
82,307357,2015-04-30,117.12,122.66,116.44,118.6,3902752,ROK,119.55
83,307358,2015-05-01,119.15,122.055,119.15,121.24,1351369,ROK,120.6025
84,307359,2015-05-04,121.5,122.66,121.09,122.21,995946,ROK,121.875
85,307360,2015-05-05,121.48,122.48,119.88,120.2,937219,ROK,121.18
86,307361,2015-05-06,121.06,121.8,119.77,120.85,1055391,ROK,120.785
87,307362,2015-05-07,120.67,120.99,119.065,119.44,1091165,ROK,120.0275
88,307363,2015-05-08,120.81,120.98,119.6,120.08,1070046,ROK,120.28999999999999
89,307364,2015-05-11,119.63,121.39,119.38,120.65,681546,ROK,120.38499999999999
90,307365,2015-05-12,120.13,122.7,119.65,121.66,989261,ROK,121.17500000000001
91,307366,2015-05-13,122.26,124.46,121.77,123.62,1317438,ROK,123.115
92,307367,2015-05-14,123.42,124.7,122.86,124.41,1019109,ROK,123.78
93,307368,2015-05-15,124.34,124.41,122.82,124.37,681410,ROK,123.615
94,307369,2015-05-18,124.0,125.53,123.96,125.06,1006289,ROK,124.745
95,307370,2015-05-19,124.83,125.62,124.13,125.01,945227,ROK,124.875
96,307371,2015-05-20,124.98,125.456,124.37100000000001,125.0,523910,ROK,124.9135
97,307372,2015-05-21,125.1,126.29,125.1,125.67,759416,ROK,125.695
98,307373,2015-05-22,125.46,126.0,125.13,125.13,505315,ROK,125.565
99,307374,2015-05-26,124.7,124.86399999999999,123.51,123.74,811197,ROK,124.187
100,307375,2015-05-27,124.0,124.84,123.78,124.66,860479,ROK,124.31
101,307376,2015-05-28,124.04,124.698,123.64,123.82,722231,ROK,124.169
102,307377,2015-05-29,123.83,123.83,122.25,122.89,717526,ROK,123.03999999999999
103,307378,2015-06-01,122.79,124.48,122.32,123.83,900951,ROK,123.4
104,307379,2015-06-02,123.83,126.56,123.24,125.53,1182730,ROK,124.9
105,307380,2015-06-03,126.3,126.67,125.26,126.3,913242,ROK,125.965
106,307381,2015-06-04,125.69,125.78,124.2,124.53,925609,ROK,124.99000000000001
107,307382,2015-06-05,124.1,125.34,123.38,125.17,534071,ROK,124.36
108,307383,2015-06-08,124.79,125.31,124.54,124.99,753912,ROK,124.92500000000001
109,307384,2015-06-09,125.03,125.92,125.0,125.12,659403,ROK,125.46000000000001
110,307385,2015-06-10,125.99,126.92,125.56,126.72,691817,ROK,126.24000000000001
111,307386,2015-06-11,126.5,127.05,126.02,126.89,647001,ROK,126.535
112,307387,2015-06-12,126.75,126.89,125.62,125.87,539966,ROK,126.255
113,307388,2015-06-15,125.27,125.27,123.08,123.9,1127411,ROK,124.175
114,307389,2015-06-16,123.82,124.59,123.28,124.09,654557,ROK,123.935
115,307390,2015-06-17,124.28,124.84,123.28,124.61,446299,ROK,124.06
116,307391,2015-06-18,124.88,126.32,124.8,125.59,627319,ROK,125.56
117,307392,2015-06-19,125.4,125.71,124.3,124.37,618293,ROK,125.005
118,307393,2015-06-22,125.27,126.23,124.73,125.85,727762,ROK,125.48
119,307394,2015-06-23,126.18,126.18,125.23,125.59,543551,ROK,125.70500000000001
120,307395,2015-06-24,125.5,125.93,125.015,125.17,509039,ROK,125.4725
121,307396,2015-06-25,125.17,125.29,123.79,124.02,410549,ROK,124.54
122,307397,2015-06-26,124.35,124.83,123.97,124.72,636637,ROK,124.4
123,307398,2015-06-29,123.6,124.79,122.81,122.91,1084374,ROK,123.80000000000001
124,307399,2015-06-30,124.0,125.95,123.81,124.64,1212064,ROK,124.88
125,307400,2015-07-01,125.99,126.77,125.4,126.27,1050574,ROK,126.08500000000001
126,307401,2015-07-02,126.35,126.71,125.9,126.13,573411,ROK,126.305
127,307402,2015-07-06,124.9,125.97,123.82,125.42,1010609,ROK,124.895
128,307403,2015-07-07,125.24,125.99,123.18,125.2,1233651,ROK,124.58500000000001
129,307404,2015-07-08,124.07,124.24,119.97,120.72,1173145,ROK,122.10499999999999
130,307405,2015-07-09,122.36,123.05,121.19,121.49,820105,ROK,122.12
131,307406,2015-07-10,122.67,122.91,121.32,122.17,643127,ROK,122.115
132,307407,2015-07-13,123.17,124.92,122.94,124.4,739123,ROK,123.93
133,307408,2015-07-14,124.38,125.39,123.75,125.0,553414,ROK,124.57
134,307409,2015-07-15,124.77,125.604,122.705,122.89,849678,ROK,124.1545
135,307410,2015-07-16,124.06,124.7997,122.97,123.5,586291,ROK,123.88485
136,307411,2015-07-17,123.41,124.07,122.77,123.74,666900,ROK,123.41999999999999
137,307412,2015-07-20,123.56,123.8898,122.56,123.38,607406,ROK,123.22489999999999
138,307413,2015-07-21,123.14,123.32,120.14,120.81,1024363,ROK,121.72999999999999
139,307414,2015-07-22,120.51,121.33,120.16,120.3,875181,ROK,120.745
140,307415,2015-07-23,120.09,120.568,117.83,117.9,1131241,ROK,119.199
141,307416,2015-07-24,117.9,118.22,117.11,117.52,1151761,ROK,117.66499999999999
142,307417,2015-07-27,116.6,116.75,115.17,116.32,1053880,ROK,115.96000000000001
143,307418,2015-07-28,117.51,119.4,116.49,119.23,1430184,ROK,117.945
144,307419,2015-07-29,117.57,117.57,115.0,116.36,1858522,ROK,116.285
145,307420,2015-07-30,115.39,118.11,114.65,117.1,1244577,ROK,116.38
146,307421,2015-07-31,117.94,118.455,116.56,116.78,702948,ROK,117.5075
147,307422,2015-08-03,117.05,117.13,114.67,115.31,782962,ROK,115.9
148,307423,2015-08-04,115.65,116.41,114.73,114.96,750899,ROK,115.57
149,307424,2015-08-05,115.51,117.39,115.51,116.03,741382,ROK,116.45
150,307425,2015-08-06,116.28,117.34,115.19,116.42,921732,ROK,116.265
151,307426,2015-08-07,115.96,116.89,114.91,115.9,840172,ROK,115.9
152,307427,2015-08-10,116.78,118.99,116.42,118.94,1116074,ROK,117.705
153,307428,2015-08-11,117.58,117.88,116.28,116.74,904702,ROK,117.08
154,307429,2015-08-12,115.68,116.395,114.555,115.84,1242591,ROK,115.475
155,307430,2015-08-13,114.91,115.63,113.51,115.19,606038,ROK,114.57
156,307431,2015-08-14,115.09,116.49,114.79,116.17,512496,ROK,115.64
157,307432,2015-08-17,115.33,117.15,114.57,117.0,481503,ROK,115.86
158,307433,2015-08-18,116.37,116.7,115.35,115.68,628578,ROK,116.025
159,307434,2015-08-19,115.0,115.99,113.425,114.01,749726,ROK,114.7075
160,307435,2015-08-20,112.96,113.95,111.23,111.23,833188,ROK,112.59
161,307436,2015-08-21,111.0,111.73,108.85,108.94,1020006,ROK,110.28999999999999
162,307437,2015-08-24,105.9,108.85,101.46,105.17,1733118,ROK,105.155
163,307438,2015-08-25,107.91,107.91,103.52,103.57,1063783,ROK,105.715
164,307439,2015-08-26,106.26,107.3,104.63,107.1,977450,ROK,105.965
165,307440,2015-08-27,108.16,111.44,107.94,111.22,1292309,ROK,109.69
166,307441,2015-08-28,110.66,112.18,109.14,111.67,764713,ROK,110.66
167,307442,2015-08-31,111.34,112.42,110.69,111.83,1074247,ROK,111.555
168,307443,2015-09-01,109.0,109.83,107.01,107.55,1429624,ROK,108.42
169,307444,2015-09-02,108.68,109.21,107.24,108.35,1679777,ROK,108.225
170,307445,2015-09-03,108.54,109.57,107.63,107.99,1089993,ROK,108.6
171,307446,2015-09-04,106.72,107.28,105.84,106.26,723551,ROK,106.56
172,307447,2015-09-08,107.75,109.64,107.45,109.62,874201,ROK,108.545
173,307448,2015-09-09,109.78,110.48,106.01,106.19,945410,ROK,108.245
174,307449,2015-09-10,106.0,106.46,104.5,105.15,1074887,ROK,105.47999999999999
175,307450,2015-09-11,105.04,106.75,104.48,105.9,1114512,ROK,105.61500000000001
176,307451,2015-09-14,105.74,106.28,104.69,104.94,668764,ROK,105.485
177,307452,2015-09-15,105.76,106.6,104.76,106.55,1037188,ROK,105.68
178,307453,2015-09-16,106.47,107.84,106.27,107.58,1299643,ROK,107.055
179,307454,2015-09-17,107.35,107.61,105.51,105.84,1509658,ROK,106.56
180,307455,2015-09-18,104.58,104.77,103.3,103.79,1685011,ROK,104.035
181,307456,2015-09-21,104.03,104.975,103.68,104.01,854633,ROK,104.3275
182,307457,2015-09-22,102.45,103.54,102.07,103.1,1694935,ROK,102.805
183,307458,2015-09-23,103.6,103.64,100.76,101.4,1367537,ROK,102.2
184,307459,2015-09-24,100.09,101.64,99.0,101.05,1212175,ROK,100.32
185,307460,2015-09-25,101.55,101.99,99.61,100.28,1046873,ROK,100.8
186,307461,2015-09-28,99.33,102.0,99.193,99.9,1554068,ROK,100.59649999999999
187,307462,2015-09-29,100.23,101.2296,99.925,100.36,1279074,ROK,100.57730000000001
188,307463,2015-09-30,100.84,101.95,99.84,101.47,1551116,ROK,100.89500000000001
189,307464,2015-10-01,101.42,102.0,99.77,100.36,1119346,ROK,100.88499999999999
190,307465,2015-10-02,99.24,102.42,98.47,102.41,1042504,ROK,100.445
191,307466,2015-10-05,102.18,104.07,100.3,104.03,1107537,ROK,102.185
192,307467,2015-10-06,103.89,104.91,103.73,104.33,1140710,ROK,104.32
193,307468,2015-10-07,104.0,105.14,101.58,103.12,1896024,ROK,103.36
194,307469,2015-10-08,102.8,105.834,102.52,105.42,1504649,ROK,104.17699999999999
195,307470,2015-10-09,105.8,106.62,104.87,105.58,937644,ROK,105.745
196,307471,2015-10-12,105.76,106.05,104.72,105.52,694212,ROK,105.38499999999999
197,307472,2015-10-13,104.45,106.9,104.4,104.54,910286,ROK,105.65
198,307473,2015-10-14,104.45,104.92,103.66,103.85,843967,ROK,104.28999999999999
199,307474,2015-10-15,104.07,105.32,102.96,105.24,812156,ROK,104.13999999999999
200,307475,2015-10-16,105.36,105.36,102.61,104.28,1338175,ROK,103.985
201,307476,2015-10-19,103.52,104.29,102.62,103.16,947606,ROK,103.45500000000001
202,307477,2015-10-20,102.96,104.53299999999999,102.17,104.35,1048754,ROK,103.35149999999999
203,307478,2015-10-21,104.91,105.99,103.85,103.92,704595,ROK,104.91999999999999
204,307479,2015-10-22,103.94,107.58,103.57,107.05,1639959,ROK,105.57499999999999
205,307480,2015-10-23,108.26,109.19,107.85,108.04,1101974,ROK,108.52
206,307481,2015-10-26,108.29,108.96,107.41,107.57,578693,ROK,108.185
207,307482,2015-10-27,106.58,106.96,103.99,105.24,1161702,ROK,105.475
208,307483,2015-10-28,105.84,109.0,105.45,108.72,1107733,ROK,107.225
209,307484,2015-10-29,107.32,108.6,107.19,108.56,909824,ROK,107.895
210,307485,2015-10-30,108.88,110.47,108.7,109.16,1079370,ROK,109.58500000000001
211,307486,2015-11-02,109.2,110.77,108.18,110.56,701047,ROK,109.475
212,307487,2015-11-03,110.02,110.96,109.16,110.14,908692,ROK,110.06
213,307488,2015-11-04,110.64,111.03,109.13,109.63,778539,ROK,110.08
214,307489,2015-11-05,109.45,110.05,108.74,108.95,1028081,ROK,109.395
215,307490,2015-11-06,108.68,109.43,107.69,109.0,1417277,ROK,108.56
216,307491,2015-11-09,108.98,108.98,106.95,107.79,1856800,ROK,107.965
217,307492,2015-11-10,102.11,104.72,101.82,104.18,2963672,ROK,103.27
218,307493,2015-11-11,103.25,105.37,101.27,103.91,1485712,ROK,103.32
219,307494,2015-11-12,102.44,104.41,102.0,102.38,1325971,ROK,103.205
220,307495,2015-11-13,101.87,103.99,101.75,102.64,1191003,ROK,102.87
221,307496,2015-11-16,102.1,104.74,102.06,104.65,1277243,ROK,103.4
222,307497,2015-11-17,104.9,105.37,102.55,103.05,886846,ROK,103.96000000000001
223,307498,2015-11-18,103.5,106.19,103.4,106.07,1236678,ROK,104.795
224,307499,2015-11-19,105.72,106.52,104.28,105.76,1074756,ROK,105.4
225,307500,2015-11-20,106.28,107.09,104.94,105.18,1002800,ROK,106.015
226,307501,2015-11-23,105.26,106.17,103.97,104.47,1107221,ROK,105.07
227,307502,2015-11-24,104.3,104.48,103.63,104.01,750821,ROK,104.055
228,307503,2015-11-25,103.91,105.67,103.78,105.13,1335052,ROK,104.725
229,307504,2015-11-27,105.03,107.24,104.82,107.01,685528,ROK,106.03
230,307505,2015-11-30,107.54,107.725,106.3,106.44,1295374,ROK,107.01249999999999
231,307506,2015-12-01,106.42,107.7,105.78,106.92,1138724,ROK,106.74000000000001
232,307507,2015-12-02,106.71,107.51,105.17,105.27,1252876,ROK,106.34
233,307508,2015-12-03,105.99,106.15,103.18,104.08,1244765,ROK,104.665
234,307509,2015-12-04,104.33,106.75,103.8101,106.73,1231000,ROK,105.28005
235,307510,2015-12-07,106.04,106.9799,105.94,106.84,1204289,ROK,106.45994999999999
236,307511,2015-12-08,105.44,105.66,103.82,103.91,1018199,ROK,104.74
237,307512,2015-12-09,103.64,105.91,103.219,103.81,870728,ROK,104.5645
238,307513,2015-12-10,103.73,104.95,103.19,103.7,692691,ROK,104.07
239,307514,2015-12-11,102.41,103.23,101.38,101.58,977636,ROK,102.305
240,307515,2015-12-14,101.84,103.41,101.44,103.34,1311865,ROK,102.425
241,307516,2015-12-15,103.62,103.805,101.51,101.54,1440979,ROK,102.6575
242,307517,2015-12-16,102.78,104.0,101.72,103.38,1633211,ROK,102.86
243,307518,2015-12-17,103.31,104.06,99.97,100.02,1220250,ROK,102.015
244,307519,2015-12-18,100.02,100.63,98.92,99.62,1525579,ROK,99.775
245,307520,2015-12-21,100.69,101.24,99.58,100.75,684833,ROK,100.41
246,307521,2015-12-22,101.33,102.6,99.74,102.01,940556,ROK,101.16999999999999
247,307522,2015-12-23,102.8,104.47,102.22,104.2,855811,ROK,103.345
248,307523,2015-12-24,104.05,105.0,103.39,103.82,298185,ROK,104.195
249,307524,2015-12-28,103.52,104.13,102.63,103.23,504006,ROK,103.38
250,307525,2015-12-29,104.06,105.18,103.61,104.96,645839,ROK,104.39500000000001
251,307526,2015-12-30,104.55,105.47,103.91,103.98,503189,ROK,104.69
252,307527,2015-12-31,103.73,104.15,102.61,102.61,563351,ROK,103.38
253,307528,2016-01-04,100.71,101.55,99.03,101.52,1429310,ROK,100.28999999999999
254,307529,2016-01-05,101.18,101.94,100.1,100.61,670610,ROK,101.02
255,307530,2016-01-06,99.1,99.56,97.02,97.92,1400820,ROK,98.28999999999999
256,307531,2016-01-07,96.08,96.39,93.22,93.43,1859963,ROK,94.805
257,307532,2016-01-08,94.15,95.4899,93.22,93.47,1245986,ROK,94.35495
258,307533,2016-01-11,94.02,94.57,92.45,93.45,1435527,ROK,93.50999999999999
259,307534,2016-01-12,94.76,94.97,92.75,94.32,1089518,ROK,93.86
260,307535,2016-01-13,94.78,95.5,92.64,92.97,1382211,ROK,94.07
261,307536,2016-01-14,93.37,94.26,91.3,92.59,1509130,ROK,92.78
262,307537,2016-01-15,89.9,92.42,89.48,91.68,1537660,ROK,90.95
263,307538,2016-01-19,92.63,92.85,89.851,91.26,1690256,ROK,91.3505
264,307539,2016-01-20,89.47,90.75,87.525,89.71,2139688,ROK,89.1375
265,307540,2016-01-21,90.59,91.51,88.11,90.06,1326414,ROK,89.81
266,307541,2016-01-22,91.45,92.46,89.94,91.58,883342,ROK,91.19999999999999
267,307542,2016-01-25,91.46,91.83,89.68,90.66,1380793,ROK,90.755
268,307543,2016-01-26,91.42,95.42,91.13,94.47,2477716,ROK,93.275
269,307544,2016-01-27,92.07,97.46,91.99,93.87,2249986,ROK,94.725
270,307545,2016-01-28,93.86,94.575,92.15,93.13,1703598,ROK,93.36250000000001
271,307546,2016-01-29,93.55,95.74,92.7,95.57,1306749,ROK,94.22
272,307547,2016-02-01,94.36,95.2,92.92,94.47,1417993,ROK,94.06
273,307548,2016-02-02,93.12,93.8,92.07,92.73,1539134,ROK,92.935
274,307549,2016-02-03,93.79,95.17,91.86,95.06,1445114,ROK,93.515
275,307550,2016-02-04,95.31,101.67,95.31,98.64,2654451,ROK,98.49000000000001
276,307551,2016-02-05,98.63,99.74,97.38,98.83,2336353,ROK,98.56
277,307552,2016-02-08,97.62,98.09,95.92,97.4,1104791,ROK,97.005
278,307553,2016-02-09,96.01,98.1,95.81,97.27,1033921,ROK,96.955
279,307554,2016-02-10,97.58,98.32,95.42,95.55,897271,ROK,96.87
280,307555,2016-02-11,92.93,95.01,91.65,93.99,1135741,ROK,93.33000000000001
281,307556,2016-02-12,95.25,96.7,93.98,96.33,1431581,ROK,95.34
282,307557,2016-02-16,97.62,101.07,96.34,100.26,1555848,ROK,98.705
283,307558,2016-02-17,101.05,102.78,101.05,102.25,1346409,ROK,101.91499999999999
284,307559,2016-02-18,102.5,103.15,101.5,101.92,897494,ROK,102.325
285,307560,2016-02-19,101.26,102.05,99.67,101.6,1010760,ROK,100.86
286,307561,2016-02-22,102.9,105.4,102.68,105.07,1963960,ROK,104.04
287,307562,2016-02-23,104.36,105.2899,102.62,102.66,1042797,ROK,103.95495
288,307563,2016-02-24,101.39,102.57,99.94,102.41,976806,ROK,101.255
289,307564,2016-02-25,102.45,104.06,101.94,104.04,935158,ROK,103.0
290,307565,2016-02-26,104.79,105.445,104.26,104.88,849163,ROK,104.85249999999999
291,307566,2016-02-29,104.87,105.81,104.08,104.09,849577,ROK,104.945
292,307567,2016-03-01,105.11,107.6,104.5,106.8,962826,ROK,106.05
293,307568,2016-03-02,106.67,107.43,104.28,107.34,989590,ROK,105.855
294,307569,2016-03-03,107.5,107.75,105.72,106.98,889776,ROK,106.735
295,307570,2016-03-04,107.01,108.56,106.47,107.38,902534,ROK,107.515
296,307571,2016-03-07,107.02,108.88,107.02,108.84,610449,ROK,107.94999999999999
297,307572,2016-03-08,107.61,107.61,105.34,105.38,957564,ROK,106.475
298,307573,2016-03-09,106.07,106.665,105.03,105.22,785268,ROK,105.8475
299,307574,2016-03-10,105.52,106.5,104.48,106.09,904501,ROK,105.49000000000001
300,307575,2016-03-11,107.0,107.47,106.28,106.61,977721,ROK,106.875
301,307576,2016-03-14,106.13,107.74,105.69,107.55,660566,ROK,106.715
302,307577,2016-03-15,106.44,107.37,105.11,107.18,732703,ROK,106.24000000000001
303,307578,2016-03-16,107.09,109.75,106.67,109.54,875004,ROK,108.21000000000001
304,307579,2016-03-17,109.87,113.61,109.52,112.98,1524076,ROK,111.565
305,307580,2016-03-18,115.62,115.62,112.38,113.51,1595061,ROK,114.0
306,307581,2016-03-21,113.17,114.19,112.92,114.07,765494,ROK,113.555
307,307582,2016-03-22,113.24,114.6899,113.03,114.06,793486,ROK,113.85995
308,307583,2016-03-23,113.56,113.99,112.84,113.05,552878,ROK,113.41499999999999
309,307584,2016-03-24,111.95,112.17,110.52,111.57,1058645,ROK,111.345
310,307585,2016-03-28,112.03,112.3,110.88,111.89,518256,ROK,111.59
311,307586,2016-03-29,111.24,112.84,110.5125,112.75,773988,ROK,111.67625000000001
312,307587,2016-03-30,114.15,115.26,113.195,114.35,979505,ROK,114.22749999999999
313,307588,2016-03-31,114.15,114.71,113.31,113.75,777529,ROK,114.00999999999999
314,307589,2016-04-01,112.25,113.73,110.93,113.56,1326657,ROK,112.33000000000001
315,307590,2016-04-04,113.22,113.5397,111.92,111.95,781202,ROK,112.72985
316,307591,2016-04-05,110.97,111.86,110.42,111.37,836487,ROK,111.14
317,307592,2016-04-06,111.62,111.69,109.43,111.58,1195650,ROK,110.56
318,307593,2016-04-07,110.83,111.89,110.4,110.98,566010,ROK,111.14500000000001
319,307594,2016-04-08,112.43,113.345,110.95,111.49,524429,ROK,112.14750000000001
320,307595,2016-04-11,111.81,113.49,111.68,111.98,576211,ROK,112.58500000000001
321,307596,2016-04-12,112.0,113.64,111.99,112.99,394925,ROK,112.815
322,307597,2016-04-13,114.0,115.8,113.55,115.55,962801,ROK,114.675
323,307598,2016-04-14,115.41,116.73,113.79,116.41,1205064,ROK,115.26
324,307599,2016-04-15,116.21,116.96,115.45,116.86,931608,ROK,116.205
325,307600,2016-04-18,115.63,117.26,115.63,117.06,606624,ROK,116.445
326,307601,2016-04-19,117.32,118.19,115.71,116.19,935461,ROK,116.94999999999999
327,307602,2016-04-20,116.65,116.75,115.34,115.62,656743,ROK,116.045
328,307603,2016-04-21,115.04,116.23,114.68,114.99,532681,ROK,115.45500000000001
329,307604,2016-04-22,115.26,115.74,114.52,115.11,974689,ROK,115.13
330,307605,2016-04-25,114.56,115.93,114.56,114.77,649253,ROK,115.245
331,307606,2016-04-26,115.52,116.09,114.87,115.92,803461,ROK,115.48
332,307607,2016-04-27,114.54,116.3,112.5,115.69,908651,ROK,114.4
333,307608,2016-04-28,114.86,115.96,113.86,114.24,739357,ROK,114.91
334,307609,2016-04-29,113.96,114.4,112.85,113.47,894672,ROK,113.625
335,307610,2016-05-02,113.53,113.91,112.28,113.24,1120825,ROK,113.095
336,307611,2016-05-03,112.51,112.54,111.66,112.36,694467,ROK,112.1
337,307612,2016-05-04,112.02,112.57,110.45,111.05,768697,ROK,111.50999999999999
338,307613,2016-05-05,111.7,112.6202,111.01,111.68,1091344,ROK,111.8151
339,307614,2016-05-06,111.44,112.27,110.76,112.19,496917,ROK,111.515
340,307615,2016-05-09,111.76,112.28,110.93,111.29,535533,ROK,111.605
341,307616,2016-05-10,111.59,113.985,111.32,113.8,994927,ROK,112.6525
342,307617,2016-05-11,113.74,114.63,113.18,113.92,877011,ROK,113.905
343,307618,2016-05-12,113.59,114.16,112.715,114.01,1120008,ROK,113.4375
344,307619,2016-05-13,113.8,114.6999,112.54,113.08,1177862,ROK,113.61995
345,307620,2016-05-16,113.38,115.1,112.75,114.58,613473,ROK,113.925
346,307621,2016-05-17,114.37,115.5,113.31,113.74,526226,ROK,114.405
347,307622,2016-05-18,112.96,114.24,111.66,112.25,763503,ROK,112.94999999999999
348,307623,2016-05-19,111.22,111.37,109.32,110.23,1087077,ROK,110.345
349,307624,2016-05-20,110.96,111.64,110.76,111.17,586956,ROK,111.2
350,307625,2016-05-23,110.96,112.28,110.4,111.79,650108,ROK,111.34
351,307626,2016-05-24,112.09,114.31,111.78,113.67,628365,ROK,113.045
352,307627,2016-05-25,114.4,115.93,114.13,115.75,958681,ROK,115.03
353,307628,2016-05-26,116.03,117.21,115.59,116.77,1108866,ROK,116.4
354,307629,2016-05-27,116.77,117.09,115.96,116.51,685827,ROK,116.525
355,307630,2016-05-31,116.69,116.99,115.32,116.05,788121,ROK,116.155
356,307631,2016-06-01,115.43,116.3,114.24,116.16,635075,ROK,115.27
357,307632,2016-06-02,116.0,117.47,115.43,117.47,695622,ROK,116.45
358,307633,2016-06-03,117.35,118.4,115.54,118.18,822031,ROK,116.97
359,307634,2016-06-06,118.6,119.59,117.99,118.91,967352,ROK,118.78999999999999
360,307635,2016-06-07,119.25,120.0,118.765,118.83,686718,ROK,119.3825
361,307636,2016-06-08,119.3,119.99,118.66,119.02,700518,ROK,119.32499999999999
362,307637,2016-06-09,118.16,119.04,117.79,118.74,504964,ROK,118.415
363,307638,2016-06-10,117.34,117.88,115.92,116.7,779389,ROK,116.9
364,307639,2016-06-13,115.83,116.77,115.21700000000001,115.94,715609,ROK,115.99350000000001
365,307640,2016-06-14,115.48,116.9,115.0001,116.12,441591,ROK,115.95005
366,307641,2016-06-15,116.37,117.11,115.45,115.58,677141,ROK,116.28
367,307642,2016-06-16,114.75,116.25,113.87,115.89,842301,ROK,115.06
368,307643,2016-06-17,116.11,117.23,115.53,116.7,1093999,ROK,116.38
369,307644,2016-06-20,118.41,119.64,117.83,118.0,715819,ROK,118.735
370,307645,2016-06-21,118.03,118.0827,116.51,117.22,676678,ROK,117.29635
371,307646,2016-06-22,117.63,118.46,117.53,117.99,833860,ROK,117.995
372,307647,2016-06-23,119.59,120.6,119.15,120.52,981414,ROK,119.875
373,307648,2016-06-24,115.37,117.0,112.08,112.37,2047196,ROK,114.53999999999999
374,307649,2016-06-27,110.34,110.635,107.165,108.11,1410570,ROK,108.9
375,307650,2016-06-28,109.19,110.35,108.6,109.86,1318739,ROK,109.475
376,307651,2016-06-29,111.28,111.87,110.62,111.62,795093,ROK,111.245
377,307652,2016-06-30,112.03,114.83,111.53,114.82,1008034,ROK,113.18
378,307653,2016-07-01,114.53,116.8,114.02,115.89,942504,ROK,115.41
379,307654,2016-07-05,114.84,115.08,112.03,112.68,1418494,ROK,113.555
380,307655,2016-07-06,112.35,112.975,110.89,112.85,1057417,ROK,111.9325
381,307656,2016-07-07,113.37,114.18,112.11,112.97,530756,ROK,113.14500000000001
382,307657,2016-07-08,114.27,115.95,113.76,115.7,691268,ROK,114.855
383,307658,2016-07-11,116.47,118.0,116.15,117.51,890315,ROK,117.075
384,307659,2016-07-12,118.15,119.27,117.83,119.03,987879,ROK,118.55
385,307660,2016-07-13,119.39,119.885,117.97,118.84,725886,ROK,118.92750000000001
386,307661,2016-07-14,119.95,120.75,118.47,118.73,848028,ROK,119.61
387,307662,2016-07-15,119.28,119.85,118.595,119.16,544317,ROK,119.2225
388,307663,2016-07-18,119.65,119.65,118.36,119.33,357997,ROK,119.005
389,307664,2016-07-19,118.78,119.385,118.59,119.0,275146,ROK,118.98750000000001
390,307665,2016-07-20,119.18,119.67,118.55,119.51,309491,ROK,119.11
391,307666,2016-07-21,119.2,119.94,117.8,118.46,761973,ROK,118.87
392,307667,2016-07-22,118.18,118.57,117.38,118.53,571981,ROK,117.975
393,307668,2016-07-25,118.19,118.85,117.41,118.18,904853,ROK,118.13
394,307669,2016-07-26,118.29,120.7399,118.29,120.64,969173,ROK,119.51495
395,307670,2016-07-27,118.46,118.67,116.29,116.93,1253180,ROK,117.48
396,307671,2016-07-28,116.2,116.92,114.98,116.23,821522,ROK,115.95
397,307672,2016-07-29,115.87,116.17,114.0,114.4,1190695,ROK,115.08500000000001
398,307673,2016-08-01,114.21,114.545,112.87,113.97,907186,ROK,113.70750000000001
399,307674,2016-08-02,113.59,113.88,112.05,113.05,965103,ROK,112.965
400,307675,2016-08-03,112.9,114.91,112.38,114.66,1268259,ROK,113.645
401,307676,2016-08-04,114.58,116.47,114.42,115.05,634961,ROK,115.445
402,307677,2016-08-05,115.26,117.15,115.26,117.14,526093,ROK,116.20500000000001
403,307678,2016-08-08,117.7,118.445,117.54,117.99,799461,ROK,117.9925
404,307679,2016-08-09,118.1,118.97,118.04,118.57,625031,ROK,118.505
405,307680,2016-08-10,118.7,119.36,118.13,119.33,963064,ROK,118.745
406,307681,2016-08-11,118.95,119.5599,118.8,119.02,968621,ROK,119.17994999999999
407,307682,2016-08-12,118.99,118.99,117.42,117.64,534835,ROK,118.205
408,307683,2016-08-15,117.9,119.21,117.8774,118.86,386764,ROK,118.5437
409,307684,2016-08-16,118.78,119.26,118.25,118.94,526021,ROK,118.755
410,307685,2016-08-17,119.04,119.2404,118.52,118.95,361418,ROK,118.8802
411,307686,2016-08-18,119.0,119.33,118.6801,119.31,500432,ROK,119.00505
412,307687,2016-08-19,117.25,118.765,116.99,118.43,1318902,ROK,117.8775
413,307688,2016-08-22,118.22,118.3759,117.18,118.15,818858,ROK,117.77795
414,307689,2016-08-23,118.8,119.34,118.475,118.84,456007,ROK,118.9075
415,307690,2016-08-24,118.74,118.98,117.55,117.82,433627,ROK,118.265
416,307691,2016-08-25,117.57,118.2,117.25,117.69,446455,ROK,117.725
417,307692,2016-08-26,117.92,119.36,117.38,117.87,496149,ROK,118.37
418,307693,2016-08-29,117.96,118.76,117.756,118.3,341541,ROK,118.25800000000001
419,307694,2016-08-30,118.45,118.45,116.75,117.35,570416,ROK,117.6
420,307695,2016-08-31,117.12,117.25,115.48,115.93,510838,ROK,116.36500000000001
421,307696,2016-09-01,116.13,116.57,115.14,116.43,595303,ROK,115.85499999999999
422,307697,2016-09-02,117.16,117.759,116.62,117.08,434571,ROK,117.18950000000001
423,307698,2016-09-06,117.38,117.57,116.22,116.5,437917,ROK,116.895
424,307699,2016-09-07,116.5,116.95,116.137,116.44,594885,ROK,116.5435
425,307700,2016-09-08,116.41,116.84,115.89,116.21,485773,ROK,116.36500000000001
426,307701,2016-09-09,115.28,115.49,112.5,112.5,719123,ROK,113.995
427,307702,2016-09-12,112.36,115.06,111.52,114.72,729217,ROK,113.28999999999999
428,307703,2016-09-13,113.36,114.71,113.31,114.18,882999,ROK,114.00999999999999
429,307704,2016-09-14,114.04,115.07,113.28,114.55,755830,ROK,114.175
430,307705,2016-09-15,114.74,115.65,114.33,115.45,736022,ROK,114.99000000000001
431,307706,2016-09-16,114.59,114.59,113.27,113.89,1399934,ROK,113.93
432,307707,2016-09-19,114.51,115.59,114.38,114.94,694837,ROK,114.985
433,307708,2016-09-20,115.62,116.75,114.98,115.04,683871,ROK,115.86500000000001
434,307709,2016-09-21,115.67,117.13,115.2,117.03,663560,ROK,116.16499999999999
435,307710,2016-09-22,118.11,119.19,117.67,118.58,786257,ROK,118.43
436,307711,2016-09-23,117.94,118.08,115.76,115.77,498575,ROK,116.92
437,307712,2016-09-26,115.41,116.07,114.4901,114.59,501709,ROK,115.28004999999999
438,307713,2016-09-27,114.16,115.68,113.5,115.62,477617,ROK,114.59
439,307714,2016-09-28,116.04,117.82,116.04,117.7,738370,ROK,116.93
440,307715,2016-09-29,117.37,118.33,116.84,117.12,830307,ROK,117.58500000000001
441,307716,2016-09-30,119.5,123.11,119.27,122.34,2568222,ROK,121.19
442,307717,2016-10-03,121.61,121.94,119.135,120.57,1096899,ROK,120.5375
443,307718,2016-10-04,120.99,123.48,119.01,119.19,958103,ROK,121.245
444,307719,2016-10-05,119.83,121.42,119.48,121.24,584607,ROK,120.45
445,307720,2016-10-06,121.2,121.2,119.95,120.67,340983,ROK,120.575
446,307721,2016-10-07,120.13,120.205,118.55,119.7,887225,ROK,119.3775
447,307722,2016-10-10,120.02,120.125,116.9,117.04,1696081,ROK,118.5125
448,307723,2016-10-11,116.45,116.63,114.46,115.2,882897,ROK,115.54499999999999
449,307724,2016-10-12,115.39,116.71,114.48,116.27,594981,ROK,115.595
450,307725,2016-10-13,115.48,116.8798,115.09,116.3,931345,ROK,115.98490000000001
451,307726,2016-10-14,117.4,118.17,116.78,116.8,942942,ROK,117.475
452,307727,2016-10-17,116.37,116.96,115.36,115.52,758087,ROK,116.16
453,307728,2016-10-18,116.76,117.12,115.72,115.97,549055,ROK,116.42
454,307729,2016-10-19,116.07,118.3,115.66,117.45,646699,ROK,116.97999999999999
455,307730,2016-10-20,117.14,118.2,116.43,118.01,828269,ROK,117.315
456,307731,2016-10-21,116.94,126.15,116.28,122.99,6596561,ROK,121.215
457,307732,2016-10-24,123.91,124.5,119.08,119.67,2482553,ROK,121.78999999999999
458,307733,2016-10-25,118.72,119.45,117.9001,118.62,884821,ROK,118.67505
459,307734,2016-10-26,118.49,121.18,118.36,120.62,734181,ROK,119.77000000000001
460,307735,2016-10-27,120.5,121.02,117.88,118.21,847399,ROK,119.44999999999999
461,307736,2016-10-28,118.49,120.06,118.03,118.8,620405,ROK,119.045
462,307737,2016-10-31,119.48,120.37,118.525,119.72,790892,ROK,119.4475
463,307738,2016-11-01,120.24,120.73,118.13,118.96,842760,ROK,119.43
464,307739,2016-11-02,118.83,119.425,118.0,118.31,626643,ROK,118.7125
465,307740,2016-11-03,118.89,118.89,117.24,117.47,608748,ROK,118.065
466,307741,2016-11-04,117.79,119.36,117.51,117.56,1143900,ROK,118.435
467,307742,2016-11-07,120.46,124.9,120.46,124.24,1863262,ROK,122.68
468,307743,2016-11-08,124.5,125.76,123.69,125.03,1080845,ROK,124.725
469,307744,2016-11-09,123.09,128.01,123.07,126.85,1419808,ROK,125.53999999999999
470,307745,2016-11-10,128.11,130.85,127.3,130.75,1572595,ROK,129.075
471,307746,2016-11-11,129.85,131.72,129.28,131.71,1021541,ROK,130.5
472,307747,2016-11-14,132.0,133.28,131.84,132.22,1525679,ROK,132.56
473,307748,2016-11-15,131.99,133.54,129.69,133.48,988007,ROK,131.615
474,307749,2016-11-16,132.36,133.47,132.12,133.38,815266,ROK,132.79500000000002
475,307750,2016-11-17,133.5,133.68,131.83,131.95,730882,ROK,132.755
476,307751,2016-11-18,131.55,132.488,131.05,131.2,609015,ROK,131.769
477,307752,2016-11-21,131.99,132.5,131.49,131.71,660834,ROK,131.995
478,307753,2016-11-22,132.15,132.15,130.88,131.71,759218,ROK,131.515
479,307754,2016-11-23,131.13,132.03,131.13,131.86,684027,ROK,131.57999999999998
480,307755,2016-11-25,131.93,132.96,131.855,132.92,374597,ROK,132.4075
481,307756,2016-11-28,132.34,132.89,130.4,130.5,843780,ROK,131.64499999999998
482,307757,2016-11-29,130.45,131.92,129.6595,131.34,851937,ROK,130.78975
483,307758,2016-11-30,131.92,134.27,131.92,133.71,1183380,ROK,133.095
484,307759,2016-12-01,134.48,138.76,134.21,137.19,2044394,ROK,136.485
485,307760,2016-12-02,136.7,137.8,135.49,136.79,1274340,ROK,136.645
486,307761,2016-12-05,137.22,138.0,135.54,136.22,2048275,ROK,136.76999999999998
487,307762,2016-12-06,135.7,136.47,135.47,136.4,1001459,ROK,135.97
488,307763,2016-12-07,136.33,139.16,135.88,138.93,734191,ROK,137.51999999999998
489,307764,2016-12-08,138.37,138.37,136.77,137.61,745562,ROK,137.57
490,307765,2016-12-09,137.81,139.64,137.7242,139.56,710876,ROK,138.6821
491,307766,2016-12-12,139.56,139.58,136.81,137.4,905888,ROK,138.195
492,307767,2016-12-13,137.6,138.239,136.53,137.07,1098280,ROK,137.3845
493,307768,2016-12-14,136.78,137.9764,135.4,135.57,903612,ROK,136.6882
494,307769,2016-12-15,135.71,136.49,135.21,136.21,838035,ROK,135.85000000000002
495,307770,2016-12-16,136.08,136.85,134.44,134.91,1545320,ROK,135.64499999999998
496,307771,2016-12-19,135.56,136.16,134.02,134.83,896923,ROK,135.09
497,307772,2016-12-20,135.03,135.76,134.47,135.57,1079018,ROK,135.115
498,307773,2016-12-21,135.6,136.73,135.03,135.57,633630,ROK,135.88
499,307774,2016-12-22,135.59,136.07,134.8,135.57,631010,ROK,135.435
500,307775,2016-12-23,135.4,136.47,135.1,136.01,385989,ROK,135.785
501,307776,2016-12-27,136.48,136.81,135.73,136.03,410545,ROK,136.26999999999998
502,307777,2016-12-28,136.48,136.75,134.615,134.74,433477,ROK,135.6825
503,307778,2016-12-29,134.74,135.49,134.28,134.85,355060,ROK,134.885
504,307779,2016-12-30,135.54,135.54,133.61,134.4,436079,ROK,134.575
505,307780,2017-01-03,135.9,138.66,135.18,138.54,1329489,ROK,136.92000000000002
506,307781,2017-01-04,138.77,139.49,137.29,137.96,850964,ROK,138.39
507,307782,2017-01-05,137.67,139.395,135.87,137.74,822555,ROK,137.6325
508,307783,2017-01-06,138.36,139.61,137.689,138.51,659430,ROK,138.6495
509,307784,2017-01-09,139.0,139.99,138.29,138.31,828136,ROK,139.14
510,307785,2017-01-10,139.0,140.08,138.28,139.53,883949,ROK,139.18
511,307786,2017-01-11,140.02,142.54,139.735,141.66,1147955,ROK,141.1375
512,307787,2017-01-12,141.19,141.52,138.97,140.76,714587,ROK,140.245
513,307788,2017-01-13,140.95,142.24,140.835,141.99,559771,ROK,141.53750000000002
514,307789,2017-01-17,141.33,141.33,139.38,139.64,1126886,ROK,140.35500000000002
515,307790,2017-01-18,140.14,140.45,139.4,139.96,919349,ROK,139.925
516,307791,2017-01-19,140.25,141.29,139.69,140.0,1154622,ROK,140.49
517,307792,2017-01-20,140.99,141.47,139.63,140.56,1754286,ROK,140.55
518,307793,2017-01-23,140.8,140.98,139.51,140.02,1058687,ROK,140.245
519,307794,2017-01-24,140.43,143.74,139.72,142.03,1678247,ROK,141.73000000000002
520,307795,2017-01-25,151.64,155.44,149.54,153.01,4675489,ROK,152.49
521,307796,2017-01-26,153.67,154.91,152.07,152.92,2337438,ROK,153.49
522,307797,2017-01-27,152.44,152.7,150.7,150.75,1636760,ROK,151.7
523,307798,2017-01-30,150.33,150.33,147.79,149.31,1964569,ROK,149.06
524,307799,2017-01-31,149.28,149.64,147.42,147.99,2036930,ROK,148.52999999999997
525,307800,2017-02-01,148.32,149.14,146.76,147.76,1343500,ROK,147.95
526,307801,2017-02-02,146.87,148.35,146.37,147.65,918733,ROK,147.36
527,307802,2017-02-03,148.13,150.2,147.55,149.73,1151355,ROK,148.875
528,307803,2017-02-06,149.11,149.96,148.455,149.96,745585,ROK,149.2075
529,307804,2017-02-07,150.49,152.62,149.23,149.41,902456,ROK,150.925
530,307805,2017-02-08,149.5,149.5,147.67,148.63,815092,ROK,148.58499999999998
531,307806,2017-02-09,149.17,150.5999,148.29,150.35,950018,ROK,149.44495
532,307807,2017-02-10,151.22,151.78,150.11,151.45,1060954,ROK,150.945
533,307808,2017-02-13,151.69,153.68,151.69,152.01,1362322,ROK,152.685
534,307809,2017-02-14,151.51,152.44,151.22,152.21,1215331,ROK,151.82999999999998
535,307810,2017-02-15,151.53,152.77,151.53,152.49,836632,ROK,152.15
536,307811,2017-02-16,151.92,152.375,151.0,151.88,859458,ROK,151.6875
537,307812,2017-02-17,150.6,151.93,149.7,151.92,691558,ROK,150.815
538,307813,2017-02-21,152.36,152.63,150.98,151.83,1292708,ROK,151.805
539,307814,2017-02-22,150.9,153.25,150.755,152.88,1022609,ROK,152.0025
540,307815,2017-02-23,153.52,153.88,149.89,151.47,1163822,ROK,151.885
541,307816,2017-02-24,150.41,151.54,149.96,151.14,1005316,ROK,150.75
542,307817,2017-02-27,151.26,151.73,150.66,151.26,765278,ROK,151.195
543,307818,2017-02-28,151.26,151.68,150.1,151.1,949726,ROK,150.89
544,307819,2017-03-01,153.68,156.11,153.07,155.48,1541609,ROK,154.59
545,307820,2017-03-02,155.35,155.72,153.0,153.05,916418,ROK,154.36
546,307821,2017-03-03,153.18,154.11,151.57,153.01,802000,ROK,152.84
547,307822,2017-03-06,152.49,153.47,151.1,153.19,665821,ROK,152.285
548,307823,2017-03-07,152.97,153.7044,152.12,153.58,694741,ROK,152.91219999999998
549,307824,2017-03-08,154.12,154.84,152.97,153.03,760265,ROK,153.905
550,307825,2017-03-09,153.18,153.6553,151.38,152.18,870367,ROK,152.51765
551,307826,2017-03-10,153.46,154.63,153.0,154.31,848037,ROK,153.815
552,307827,2017-03-13,154.3,154.57,153.44,154.45,609573,ROK,154.005
553,307828,2017-03-14,153.42,153.46,151.07,152.45,852630,ROK,152.265
554,307829,2017-03-15,152.82,157.3,152.13,156.47,1110019,ROK,154.715
555,307830,2017-03-16,156.89,157.0099,154.465,155.62,721068,ROK,155.73745
556,307831,2017-03-17,156.36,156.98,155.56,155.99,910399,ROK,156.26999999999998
557,307832,2017-03-20,156.03,156.16,155.08,155.95,893916,ROK,155.62
558,307833,2017-03-21,156.94,157.26,153.56,154.15,979937,ROK,155.41
559,307834,2017-03-22,153.92,154.98,153.12,154.61,740957,ROK,154.05
560,307835,2017-03-23,154.64,155.52,153.58,154.08,864263,ROK,154.55
561,307836,2017-03-24,154.28,154.9,152.575,153.25,541405,ROK,153.7375
562,307837,2017-03-27,151.97,153.38,149.39,152.85,816583,ROK,151.385
563,307838,2017-03-28,152.63,155.98,152.2768,155.14,581825,ROK,154.1284
564,307839,2017-03-29,154.76,155.57,154.21,154.47,541562,ROK,154.89
565,307840,2017-03-30,154.36,155.99,154.0,155.38,661874,ROK,154.995
566,307841,2017-03-31,155.23,156.7,155.18,155.71,799655,ROK,155.94
567,307842,2017-04-03,155.42,156.38,153.93,155.31,648969,ROK,155.155
568,307843,2017-04-04,155.08,158.0,154.345,155.96,981425,ROK,156.1725
569,307844,2017-04-05,156.76,159.78,155.01,155.18,1401947,ROK,157.39499999999998
570,307845,2017-04-06,155.18,156.59,154.5,155.88,591836,ROK,155.54500000000002
571,307846,2017-04-07,155.39,156.27,154.92,155.28,1375035,ROK,155.595
572,307847,2017-04-10,155.59,157.48,155.51,156.05,548626,ROK,156.495
573,307848,2017-04-11,155.41,156.23,154.26,156.11,635865,ROK,155.245
574,307849,2017-04-12,155.66,156.16,150.09,150.23,1886589,ROK,153.125
575,307850,2017-04-13,149.71,150.52,148.35,148.43,1333146,ROK,149.435
576,307851,2017-04-17,148.72,150.71,148.31,150.52,885243,ROK,149.51
577,307852,2017-04-18,149.4,150.03,148.32,149.53,842820,ROK,149.175
578,307853,2017-04-19,150.82,152.58,148.89,149.58,840022,ROK,150.735
579,307854,2017-04-20,150.43,154.15,149.88,153.82,1474912,ROK,152.015
580,307855,2017-04-21,153.74,154.3,152.94,153.59,816623,ROK,153.62
581,307856,2017-04-24,155.99,157.3003,155.59,156.95,1366432,ROK,156.44515
582,307857,2017-04-25,158.24,160.71,157.44,160.14,1989884,ROK,159.075
583,307858,2017-04-26,161.77,165.0,159.54,159.96,2074583,ROK,162.26999999999998
584,307859,2017-04-27,160.21,161.1712,158.74,159.27,1152012,ROK,159.9556
585,307860,2017-04-28,158.52,159.67,157.31,157.35,1450620,ROK,158.49
586,307861,2017-05-01,158.13,158.13,155.39,156.5,1207242,ROK,156.76
587,307862,2017-05-02,156.55,157.31,154.59,155.97,1360667,ROK,155.95
588,307863,2017-05-03,155.19,156.08,153.46,154.54,1486423,ROK,154.77
589,307864,2017-05-04,155.07,155.5,153.06,154.9,1454500,ROK,154.28
590,307865,2017-05-05,155.23,156.49,154.93,156.39,709510,ROK,155.71
591,307866,2017-05-08,156.48,156.82,155.25,156.13,675068,ROK,156.035
592,307867,2017-05-09,156.1,157.28,155.37,157.13,720305,ROK,156.325
593,307868,2017-05-10,157.28,158.7651,156.83,157.64,1035981,ROK,157.79755
594,307869,2017-05-11,156.38,157.305,154.76,156.87,668161,ROK,156.0325
595,307870,2017-05-12,156.47,156.73,155.37,155.7,519873,ROK,156.05
596,307871,2017-05-15,156.49,158.6,156.49,158.02,1068031,ROK,157.54500000000002
597,307872,2017-05-16,158.38,158.38,156.59,157.5,807397,ROK,157.485
598,307873,2017-05-17,155.6,156.45,152.881,153.74,1167048,ROK,154.6655
599,307874,2017-05-18,152.72,155.37,151.78,154.22,959090,ROK,153.575
600,307875,2017-05-19,155.28,158.14,154.7,157.36,856482,ROK,156.42
601,307876,2017-05-22,158.0,160.24,158.0,158.45,1018024,ROK,159.12
602,307877,2017-05-23,158.9,159.86,157.54,158.59,820326,ROK,158.7
603,307878,2017-05-24,158.95,159.42,157.3375,158.01,727268,ROK,158.37875
604,307879,2017-05-25,158.17,159.41,157.53,159.26,1060593,ROK,158.47
605,307880,2017-05-26,159.0,159.67,158.27,159.28,447009,ROK,158.97
606,307881,2017-05-30,158.9,159.8534,158.59,159.38,506498,ROK,159.2217
607,307882,2017-05-31,159.4,159.93,157.91,158.72,1268909,ROK,158.92000000000002
608,307883,2017-06-01,159.25,162.22,158.48,161.07,815176,ROK,160.35
609,307884,2017-06-02,161.0,163.92,160.6,162.39,940925,ROK,162.26
610,307885,2017-06-05,162.21,163.02,161.62,162.16,622860,ROK,162.32
611,307886,2017-06-06,161.64,162.13,159.72,159.74,909045,ROK,160.925
612,307887,2017-06-07,159.78,159.89,156.32,157.52,1109246,ROK,158.105
613,307888,2017-06-08,157.86,160.47,157.31,160.05,657972,ROK,158.89
614,307889,2017-06-09,160.71,162.98,160.71,162.13,705845,ROK,161.845
615,307890,2017-06-12,162.02,162.732,160.7,161.3,892101,ROK,161.716
616,307891,2017-06-13,161.38,162.35,160.63,161.01,622191,ROK,161.49
617,307892,2017-06-14,160.89,161.17,158.73,159.86,662746,ROK,159.95
618,307893,2017-06-15,158.4,161.67,158.0768,161.6,880371,ROK,159.8734
619,307894,2017-06-16,162.09,164.13,161.13,164.09,1112024,ROK,162.63
620,307895,2017-06-19,164.84,165.39,162.97,164.06,694602,ROK,164.18
621,307896,2017-06-20,163.06,163.92,161.95,162.15,584102,ROK,162.935
622,307897,2017-06-21,162.85,163.01,159.87,160.12,621675,ROK,161.44
623,307898,2017-06-22,160.26,161.09,159.33,160.53,393644,ROK,160.21
624,307899,2017-06-23,161.37,162.42,160.17,162.19,1330999,ROK,161.295
625,307900,2017-06-26,162.93,163.23,161.27,161.36,359559,ROK,162.25
626,307901,2017-06-27,161.62,161.87,159.09,159.37,511854,ROK,160.48000000000002
627,307902,2017-06-28,160.31,160.81,159.61,160.53,707838,ROK,160.21
628,307903,2017-06-29,160.96,162.12,158.03,158.82,858559,ROK,160.075
629,307904,2017-06-30,159.37,162.71,159.37,161.96,702609,ROK,161.04000000000002
630,307905,2017-07-03,162.68,163.93,162.14,162.84,403420,ROK,163.035
631,307906,2017-07-05,162.56,163.81,161.5683,163.49,699293,ROK,162.68914999999998
632,307907,2017-07-06,163.19,164.63,162.42,162.79,705953,ROK,163.52499999999998
633,307908,2017-07-07,163.12,165.52,162.51,164.43,553142,ROK,164.015
634,307909,2017-07-10,163.41,165.8,163.36,164.69,559226,ROK,164.58
635,307910,2017-07-11,164.59,164.83,163.18,164.16,642847,ROK,164.005
636,307911,2017-07-12,164.87,166.03,164.63,165.73,535801,ROK,165.32999999999998
637,307912,2017-07-13,165.73,166.45,165.04,165.68,638890,ROK,165.745
638,307913,2017-07-14,166.06,167.8,165.79,167.34,766017,ROK,166.79500000000002
639,307914,2017-07-17,167.2,167.34,166.09,166.3,485035,ROK,166.715
640,307915,2017-07-18,166.0,166.173,165.0,165.49,580937,ROK,165.5865
641,307916,2017-07-19,165.5,167.37,165.34,167.34,684352,ROK,166.35500000000002
642,307917,2017-07-20,167.18,167.97,165.63,166.83,685335,ROK,166.8
643,307918,2017-07-21,165.96,166.63,163.93,165.08,633564,ROK,165.28
644,307919,2017-07-24,165.47,165.47,163.6,163.96,937131,ROK,164.535
645,307920,2017-07-25,165.27,166.28,161.77,163.1,1452535,ROK,164.025
646,307921,2017-07-26,158.49,164.9,158.0,162.78,1939210,ROK,161.45
647,307922,2017-07-27,163.47,166.71,163.2805,164.97,1018771,ROK,164.99525
648,307923,2017-07-28,164.98,165.0,163.27,164.47,653351,ROK,164.135
649,307924,2017-07-31,165.0,166.63,164.76,165.03,641449,ROK,165.695
650,307925,2017-08-01,165.63,166.05,164.75,164.9,536349,ROK,165.4
651,307926,2017-08-02,163.15,166.16,163.15,165.22,786077,ROK,164.655
652,307927,2017-08-03,165.13,166.1,164.82,165.53,519397,ROK,165.45999999999998
653,307928,2017-08-04,165.63,166.05,164.75,164.9,536349,ROK,165.4
654,307929,2017-08-07,164.96,166.53,164.83,165.82,708206,ROK,165.68
655,307930,2017-08-08,165.64,166.21,164.99,165.6,434208,ROK,165.60000000000002
656,307931,2017-08-09,165.5,166.08,164.9,165.64,436005,ROK,165.49
657,307932,2017-08-10,164.3,164.51,162.1,162.21,662079,ROK,163.305
658,307933,2017-08-11,162.75,162.75,161.51,161.66,679989,ROK,162.13
659,307934,2017-08-14,162.79,164.51,162.48,163.96,388999,ROK,163.495
660,307935,2017-08-15,164.02,165.1,164.02,164.12,407202,ROK,164.56
661,307936,2017-08-16,164.58,165.32,163.86,164.03,552207,ROK,164.59
662,307937,2017-08-17,163.21,164.53,161.22,161.26,536765,ROK,162.875
663,307938,2017-08-18,160.88,163.26,160.285,161.38,567777,ROK,161.77249999999998
664,307939,2017-08-21,161.36,161.45,159.58,160.46,604955,ROK,160.515
665,307940,2017-08-22,161.25,163.33,160.84,163.17,402350,ROK,162.085
666,307941,2017-08-23,161.86,162.07,159.98,160.01,551909,ROK,161.02499999999998
667,307942,2017-08-24,160.24,160.5725,159.32,160.13,600306,ROK,159.94625
668,307943,2017-08-25,160.95,161.52,159.51,159.61,597010,ROK,160.515
669,307944,2017-08-28,160.45,160.55,158.89,159.57,341197,ROK,159.72
670,307945,2017-08-29,158.72,160.62,158.6072,160.38,482461,ROK,159.61360000000002
671,307946,2017-08-30,160.39,162.74,160.39,162.62,383121,ROK,161.565
672,307947,2017-08-31,163.41,164.3,162.95,164.06,582938,ROK,163.625
673,307948,2017-09-01,164.69,165.85,164.3,164.36,452527,ROK,165.075
674,307949,2017-09-05,164.35,165.25,163.05,163.41,775301,ROK,164.15
675,307950,2017-09-06,164.27,164.815,162.15,162.32,647701,ROK,163.48250000000002
676,307951,2017-09-07,162.81,162.81,161.21,162.56,931000,ROK,162.01
677,307952,2017-09-08,162.18,164.68,161.7,164.01,512379,ROK,163.19
678,307953,2017-09-11,165.0,169.35,164.47,168.84,1094112,ROK,166.91
679,307954,2017-09-12,169.75,170.41,168.62,169.12,621275,ROK,169.515
680,307955,2017-09-13,168.99,170.45,168.21,169.89,440724,ROK,169.32999999999998
681,307956,2017-09-14,169.26,172.245,168.44,172.15,746406,ROK,170.3425
682,307957,2017-09-15,171.62,174.18,171.62,173.73,1019639,ROK,172.9
683,307958,2017-09-18,173.95,175.32,173.13,175.16,558203,ROK,174.225
684,307959,2017-09-19,175.39,177.3399,175.18,177.13,638150,ROK,176.25995
685,307960,2017-09-20,177.52,178.11,176.32,177.58,686383,ROK,177.215
686,307961,2017-09-21,177.71,177.97,177.0,177.33,435096,ROK,177.485
687,307962,2017-09-22,177.33,177.72,176.65,177.55,492062,ROK,177.185
688,307963,2017-09-25,177.49,177.92,176.5091,177.67,367708,ROK,177.21454999999997
689,307964,2017-09-26,177.75,178.82,176.77,176.98,612081,ROK,177.79500000000002
690,307965,2017-09-27,177.87,178.48,176.44,177.33,532554,ROK,177.45999999999998
691,307966,2017-09-28,177.06,177.59,175.5,177.27,467153,ROK,176.54500000000002
692,307967,2017-09-29,177.2,179.5,176.86,178.21,621368,ROK,178.18
693,307968,2017-10-02,178.8,180.75,178.0,180.7,724858,ROK,179.375
694,307969,2017-10-03,180.67,180.98,179.83,180.8,587797,ROK,180.405
695,307970,2017-10-04,180.92,182.69,180.71,182.35,556287,ROK,181.7
696,307971,2017-10-05,182.13,182.97,180.56,182.51,454905,ROK,181.765
697,307972,2017-10-06,182.36,183.47,182.06,182.31,481521,ROK,182.765
698,307973,2017-10-09,182.47,183.88,182.47,183.27,335419,ROK,183.175
699,307974,2017-10-10,184.14,184.14,182.49,182.74,371296,ROK,183.315
700,307975,2017-10-11,182.94,183.77,182.53,183.75,375487,ROK,183.15
701,307976,2017-10-12,183.26,185.29,183.18,184.5,444733,ROK,184.235
702,307977,2017-10-13,184.66,186.49,184.31,185.88,524195,ROK,185.4
703,307978,2017-10-16,187.12,187.29,185.91,186.41,390493,ROK,186.6
704,307979,2017-10-17,186.4,187.28,185.97,186.27,432458,ROK,186.625
705,307980,2017-10-18,185.9,186.56,184.5552,184.97,730503,ROK,185.5576
706,307981,2017-10-19,184.6,186.69,184.18,186.44,525354,ROK,185.435
707,307982,2017-10-20,186.9,188.6,186.81,188.5,678047,ROK,187.70499999999998
708,307983,2017-10-23,188.7,188.95,187.16,187.67,392777,ROK,188.055
709,307984,2017-10-24,188.9,189.91,187.95,188.68,612014,ROK,188.93
710,307985,2017-10-25,188.25,188.99,186.27,187.04,563078,ROK,187.63
711,307986,2017-10-26,188.12,188.58,187.15,188.03,511216,ROK,187.865
712,307987,2017-10-27,187.91,188.92,186.89,188.78,411762,ROK,187.90499999999997
713,307988,2017-10-30,188.34,188.65,186.07,187.0,502288,ROK,187.36
714,307989,2017-10-31,210.66,210.72,195.325,200.82,3465152,ROK,203.02249999999998
715,307990,2017-11-01,202.29,202.835,194.98,195.16,1632196,ROK,198.9075
716,307991,2017-11-02,195.87,200.06,195.54,199.22,759805,ROK,197.8
717,307992,2017-11-03,199.51,199.61,197.65,198.38,744034,ROK,198.63
718,307993,2017-11-06,197.66,198.38,196.44,196.83,1229807,ROK,197.41
719,307994,2017-11-07,197.05,201.065,196.49,200.83,1030320,ROK,198.7775
720,307995,2017-11-08,192.7,199.39,192.0,193.78,1459845,ROK,195.695
721,307996,2017-11-09,192.68,193.13,189.35,189.81,952083,ROK,191.24
722,307997,2017-11-10,189.75,193.0,188.31,192.61,541930,ROK,190.655
723,307998,2017-11-13,191.72,193.13,190.125,192.54,632227,ROK,191.6275
724,307999,2017-11-14,191.82,192.43,190.72,191.58,575210,ROK,191.575
725,308000,2017-11-15,190.46,190.46,187.65,188.73,741385,ROK,189.055
726,308001,2017-11-16,200.11,201.98,193.09,193.61,2377937,ROK,197.535
727,308002,2017-11-17,193.03,196.99,193.03,194.36,1265388,ROK,195.01
728,308003,2017-11-20,194.0,195.8,193.06,194.23,762688,ROK,194.43
729,308004,2017-11-21,194.75,194.99900000000002,191.915,193.02,1001436,ROK,193.457
730,308005,2017-11-22,190.43,192.44,188.88,191.02,1102152,ROK,190.66
731,308006,2017-11-24,191.8,191.91,190.09,191.48,280013,ROK,191.0
732,308007,2017-11-27,192.01,192.62,190.64,191.04,680167,ROK,191.63
733,308008,2017-11-28,189.0,198.02,188.665,197.13,1895910,ROK,193.3425
734,308009,2017-11-29,197.0,197.16,188.83,190.13,1201930,ROK,192.995
735,308010,2017-11-30,191.15,194.32,190.72,193.08,1250620,ROK,192.51999999999998
736,308011,2017-12-01,192.94,195.37,188.6,190.46,862894,ROK,191.985
737,308012,2017-12-04,192.79,195.8,190.26,190.78,1327063,ROK,193.03
738,308013,2017-12-05,190.85,192.56,187.53,187.68,1155929,ROK,190.04500000000002
739,308014,2017-12-06,187.84,191.71,187.2,190.59,1156709,ROK,189.45499999999998
740,308015,2017-12-07,190.96,193.74,189.82,192.26,720905,ROK,191.78
741,308016,2017-12-08,192.95,194.35,191.95,192.86,596067,ROK,193.14999999999998
742,308017,2017-12-11,192.5,194.3878,190.36,191.47,485886,ROK,192.3739
743,308018,2017-12-12,191.6,192.8,190.71,190.75,470860,ROK,191.755
744,308019,2017-12-13,191.26,193.16,190.98,191.46,660810,ROK,192.07
745,308020,2017-12-14,192.57,193.81,189.35,189.45,629618,ROK,191.57999999999998
746,308021,2017-12-15,191.72,192.14,190.55,190.93,1121340,ROK,191.345
747,308022,2017-12-18,193.51,194.48,192.46,192.83,631413,ROK,193.47
748,308023,2017-12-19,193.62,194.41,191.8311,193.84,769145,ROK,193.12054999999998
749,308024,2017-12-20,194.96,195.585,192.79,193.07,548479,ROK,194.1875
750,308025,2017-12-21,194.49,194.89,192.53,194.14,450461,ROK,193.70999999999998
751,308026,2017-12-22,193.51,194.675,192.98,194.57,422897,ROK,193.8275
752,308027,2017-12-26,194.57,195.6,194.26,194.53,287940,ROK,194.93
753,308028,2017-12-27,195.0,196.63,194.6392,195.99,389321,ROK,195.63459999999998
754,308029,2017-12-28,196.74,197.71,195.69,197.53,531772,ROK,196.7
755,308030,2017-12-29,198.1,198.56,196.32,196.35,486936,ROK,197.44
756,308031,2018-01-02,197.81,198.5,195.22,197.66,613370,ROK,196.86
757,308032,2018-01-03,197.04,200.72,197.04,200.55,841416,ROK,198.88
758,308033,2018-01-04,201.63,203.09,199.23,199.66,734608,ROK,201.16
759,308034,2018-01-05,200.51,200.51,198.761,199.97,627395,ROK,199.63549999999998
760,308035,2018-01-08,199.97,202.39,199.04,202.01,765679,ROK,200.71499999999997
761,308036,2018-01-09,202.69,203.81900000000002,201.535,202.75,489445,ROK,202.67700000000002
762,308037,2018-01-10,202.74,203.485,201.0,202.13,543428,ROK,202.2425
763,308038,2018-01-11,202.81,206.14,202.77,206.14,503615,ROK,204.45499999999998
764,308039,2018-01-12,206.18,208.28,205.71,207.92,603209,ROK,206.995
765,308040,2018-01-16,208.1,209.38,203.12,205.02,779519,ROK,206.25
766,308041,2018-01-17,206.39,207.87,205.32,206.56,742473,ROK,206.595
767,308042,2018-01-18,207.11,207.74,204.26,205.05,715250,ROK,206.0
768,308043,2018-01-19,205.19,207.13,203.36,203.51,1015283,ROK,205.245
769,308044,2018-01-22,204.0,204.4,202.25,203.93,897640,ROK,203.325
770,308045,2018-01-23,204.0,207.505,203.18,204.69,1040028,ROK,205.3425
771,308046,2018-01-24,206.86,206.86,198.77,200.47,1456497,ROK,202.815
772,308047,2018-01-25,201.1,202.32,198.01,199.71,1064846,ROK,200.165
773,308048,2018-01-26,199.74,203.24,199.62,203.01,873032,ROK,201.43
774,308049,2018-01-29,202.06,203.96,199.255,199.78,665214,ROK,201.60750000000002
775,308050,2018-01-30,198.66,200.93,197.6101,199.78,621575,ROK,199.27005
776,308051,2018-01-31,200.92,201.005,196.38,197.29,876041,ROK,198.6925
777,308052,2018-02-01,197.11,201.81,196.465,199.19,1034857,ROK,199.1375
778,308053,2018-02-02,197.57,197.57,193.01,194.02,1154594,ROK,195.29
779,308054,2018-02-05,192.61,194.48,184.56,184.56,1345398,ROK,189.51999999999998
780,308055,2018-02-06,178.28,189.99,176.7,188.57,1766979,ROK,183.345
781,308056,2018-02-07,187.99,191.63,187.24,188.78,984190,ROK,189.435
